Cohesive energy,Pauling,Mulliken,ENTROPY,Min radius,Atomic mismatch,VEC,Density,Volume,Average mass,Covalent radius(pm),Enthalpy ,Formation boolean
6.42833,1.3833,3.6487899,14.8702908733929,0.419355,0.0504631509384263,4.5,9.1798,11.305264,106.6349,114.872,0.756,0
6.24,1.4911,3.60981,9.12524684966995,0.419355,0.0416775586151104,4.34,6.468,11.71302,76.55901,113.85,2.64,0
5.705,1.5325,3.63625,11.5256513183508,0.419355,0.0408605418353749,4.75,6.6875,10.681,70.99825,112.0,-5.5,0
5.49,1.606,3.273,13.3808668039771,0.419355,0.123724606752843,4.6,25.75,28.9448,62.4156,110.0,-42.4,0
6.652,1.454,3.6526,13.3808668039771,0.419355,0.0403987669453956,4.4,9.86,11.9568,118.2874,117.2,2.72,0
6.24,3.5394,3.60595,9.12524684966995,0.419355,0.0418992104059097,4.33,6.468,11.71302,76.55901,113.85,2.0,0
3.987,1.6382,3.48051175,10.9264694130689,0.464286,0.0543549351981877,4.492,4.4676193,9.401803,39.3300322,107.9898,-27.31,1
4.2,1.773576,3.9627714,16.1806558942471,0.464286,0.0362938265438118,7.4256,7.2080189,7.575129,52.4352973,105.6031,-7.6,1
6.09,1.48,3.593,13.3808668039771,0.419355,0.0550074586488463,4.4,7.78,11.4508,92.2858,114.6,0.16,0
6.652,1.454,3.6526,13.3808668039771,0.419355,0.0403987669453956,4.4,9.86,11.9568,118.2874,117.2,2.72,0
5.94,1.596,3.1707,13.3808668039771,0.419355,0.12438525488838,4.0,4.9258,11.5088,57.4128,116.0,-49.76,1
5.59,1.522,3.554,13.3808668039771,0.419355,0.0720068436172401,4.2,7.224,10.7668,79.593,113.0,-17.92,0
5.593,1.6268,3.614235,14.8702908733929,0.419355,0.0663249364884961,4.648,7.88002,10.312584,82.164854,112.05,-14.472,1
4.98,1.65004,3.267378,14.8702908733929,0.448276,0.0981529810932179,3.65,5.188994,9.80562,49.597148,107.236,-34.236,1
6.094,1.48,3.593,13.3808668039771,0.419355,0.0547069448960679,4.4,7.78,11.4508,92.2858,114.6,0.16,1
6.42,1.4774,3.635649,14.8702908733929,0.419355,0.0506930727078673,4.48,9.1798,11.305264,106.63491,114.872,0.756,1
6.2,1.46,3.6126,13.3808668039771,0.419355,0.0550074586488463,4.4,9.344,11.4548,109.8946,115.2,-0.32,1
4.08,1.765,3.90075,11.5256513183508,0.464286,0.0419186735550996,7.0,6.90275,7.6225,49.151,102.75,-13.75,1
4.904,1.72,3.5886,13.3808668039771,0.448276,0.0515692565605777,4.8,6.11,9.114,54.7474,1082.0,-12.16,1
5.136,1.484,3.5134,13.3808668039771,0.351351,0.125702783836359,4.2,5.8838,12.3928,70.4028,115.0,-12.0,1
4.62,1.6535,3.439545,12.4077207511602,0.448276,0.078915956121979,4.77,5.59342,8.9581,48.52802,107.08,-21.57,1
6.65,1.454,3.6526,13.3808668039771,0.419355,0.0403987669453956,4.4,9.86,11.9568,118.2874,117.2,2.72,1
6.65,1.454,3.6526,13.3808668039771,0.419355,0.0403987669453956,4.4,9.86,11.9568,118.2874,117.2,2.72,1
5.99,1.586,3.7177,13.3808668039771,0.448276,0.0268014632030402,5.0,8.526,9.574,84.9322,110.4,-3.84,1
3.765,1.8225,4.145125,11.5256513183508,0.464286,0.0333965538453352,8.75,7.8025,7.42875,49.995625,99.73375,4.625,0
5.188,1.62,3.2247,13.3808668039771,0.419355,0.12438525488838,4.4,5.4558,10.8268,58.2386,110.6,-45.28,0
5.054,1.608,3.5726,13.3808668039771,0.448276,0.0515692565605777,4.6,5.786,9.404,54.1386,108.8,-14.56,1
4.79,1.554,3.5112,13.3808668039771,0.419355,0.0690399207376168,4.4,5.374,10.0428,53.8022,109.8,-20.32,1
5.092,1.66,3.5672,13.3808668039771,0.419355,0.0707693334526148,4.6,6.214,10.2548,62.8038,112.0,-18.88,1
7.34,1.85,3.934,13.3808668039771,0.448276,0.0352438076727575,5.4,12.0852,9.77,120.91,113.8,-4.64,0
5.632,1.56,3.7571,13.3808668039771,0.419355,0.0365659124358685,5.2,8.774,10.6868,84.1634,94.374,-10.08,1
6.13,1.598,3.3698,13.3808668039771,0.419355,0.12677398874783,4.6,8.1958,10.9968,89.0322,112.2,-40.32,1
4.318,0.8595,4.0777475,12.9100922061183,0.464286,0.0298402838131335,8.35,7.72149,7.30517,47.825792,89.38871,-12.51,1
4.79,1.554,3.5112,13.3808668039771,0.419355,0.0690399207376168,4.4,5.374,10.0428,53.8022,109.8,-20.32,1
3.858,1.7276,3.86078,13.8691336236403,0.464286,0.0435322660618361,7.56,7.3537769,8.03098,51.0054399,94.581223,-5.52,1
3.765,1.723,3.6956,12.4532590611639,0.464286,0.0298802557632496,5.9,5.4961,8.885,40.9921,100.287,-11.8,1
3.99,1.82766,4.002592,14.8702908733929,0.464286,0.0388273923623083,7.802,7.330726,8.1091,50.130838,92.77242,-4.644,0
4.29,1.724,3.3209,13.3808668039771,0.464286,0.0949969894628584,5.4,5.116,9.302,42.7246,105.0,-43.68,1
5.348,1.528,3.5708,13.3808668039771,0.419355,0.0707693334526148,4.2,7.454,10.5488,79.8038,112.4,-20.0,1
5.87,1.6475,3.4758,12.9663577331446,0.419355,0.171925171272109,4.5,7.153625,10.76175,76.86325,112.0,-30.9,1
5.87,1.6475,3.4758,12.9663577331446,0.419355,0.171925171272109,4.5,7.153625,10.76175,76.86325,112.0,-30.9,0
4.96,1.5904,3.14928,14.8702908733929,0.448276,0.107913312367571,4.32,5.188994,9.80562,49.597148,107.236,-34.236,1
4.477,1.63503,3.2902065,9.87108854719835,0.448276,0.0879012563047322,4.218,4.681999,9.82236,44.480601,107.797,-32.07,1
6.094,1.48,3.593,13.3808668039771,0.419355,0.0550074586488463,4.4,7.78,11.4508,92.2858,114.6,0.16,1
4.489,1.62547,3.383893,12.1267817867914,0.448276,0.0801141581090073,4.462,5.047393,9.56508,46.259086,107.307,-28.18,1
4.49,1.63177,3.382913,12.4161799264962,0.448276,0.0814387540891861,4.437,5.082193,9.53333,46.582351,107.767,-27.39,1
4.476,1.6364,3.292675,12.6257399029937,0.448276,0.0875098629805001,4.21,4.691899,9.87108,44.45275,108.14,-32.02,1
5.188,1.62,3.2089,13.3808668039771,0.419355,0.12438525488838,4.4,5.4558,10.8268,58.2386,110.6,-45.28,0
5.136,1.484,3.5134,13.3808668039771,0.351351,0.125702783836359,4.2,5.8838,12.3928,70.4028,115.0,-12.0,1
5.136,1.484,3.5134,13.3808668039771,0.351351,0.125702783836359,4.2,5.8838,12.3928,70.4028,115.0,-12.0,1
6.423555694492567,1.3860328101401862,3.64780173055674,14.724649736436993,0.419355,0.050240429641685104,4.495943881053527,9.111053854005963,11.315600917732112,105.87245382961848,114.84609154022941,0.803760800594722,0
6.446533702089489,1.3926187971142678,3.6544848111995716,14.840550910418841,0.4199324778901687,0.05015925984756458,4.517970682243071,9.237813355765574,11.274608731663083,106.91993698454229,114.85059492070603,0.6482557762404344,0
4.639055622501582,1.6918422007600729,3.915854353144076,11.5256513183508,0.4440426014563822,0.03675940986027256,6.9478234587596255,7.300143289129246,8.894032164062251,59.45823451986715,105.26023699974743,0.06324062998530344,0
5.28336517027787,1.5967517744098727,3.2907669658280914,13.3808668039771,0.419355,0.11195969242629902,4.352554641652802,5.875264413147585,10.81256639249584,63.30443580144712,111.16934430016639,-38.78947497810319,0
5.973243808665198,1.495921298818382,3.6061161175980003,12.818248896945743,0.419355,0.050717224554635405,4.506141992122547,7.448685353160335,11.217348269897322,85.83007724454762,113.8115166299468,-1.5564676440389071,0
6.652,1.454,3.6526,13.3808668039771,0.419355,0.0403987669453956,4.4,9.86,11.9568,118.2874,117.2,2.72,0
6.057618879645726,1.4844156073210373,3.596637619364474,13.224830554825987,0.419355,0.05381760665929066,4.429437382140249,7.688113314319366,11.386054580652674,90.49537215948668,114.381322304101,-0.31604452261088545,0
6.1912047348689505,3.3563584717915833,3.6087135449223755,9.344178386998992,0.419355,0.041804477493232066,4.36830656328045,6.488019739619188,11.61889347753169,76.05183475041096,113.68126870935991,1.3159542271348221,0
5.6607081373225485,1.5536923972642136,3.53425222736206,13.27619121718472,0.419355,0.09723912516316807,4.2757587185598736,7.206228267271163,10.765524728237576,78.90365879337062,112.74747093813376,-21.197827223023843,0
6.507950409033928,1.408467268380644,3.6501461915029294,14.340096597755295,0.419355,0.04688050520945228,4.464402732134874,9.421932616018587,11.537193015157728,110.78287163798383,115.70070439590013,1.4551303408710778,0
6.048249641650665,1.483507030101344,3.589743472048752,13.3808668039771,0.419355,0.056426919477143754,4.383299856660266,7.73357360151554,11.39368550977811,91.22594210308714,114.46639885328213,-1.3496929579119314,0
6.195936334073474,2.9344352426060887,3.6021458368416766,10.375368289515592,0.419355,0.04574986021563453,4.3505630440990455,6.853410197970677,11.635990836804977,81.17887680437748,114.07031832963263,1.459485697967953,0
5.63553274301657,1.542408425887784,3.5412833553432295,13.313460607547624,0.419355,0.08825525624493488,4.248785081803468,7.212555832893603,10.765978784456308,79.14909640982329,112.83738306065511,-20.03076787269669,0
5.9969049822840255,1.5099114649223204,3.621823892090487,10.215950339089531,0.419355,0.041306319907551424,4.526297116380467,6.567737114745152,11.244087438909832,74.03229401735648,113.00939106023448,-1.0586793349682893,0
5.631366872601258,1.6214387505604007,3.3484452677987764,13.226661932902248,0.419355,0.14165608849943187,4.562798191420722,18.83181216981523,22.180376545125533,67.7903870972041,110.74403617158556,-38.12179201338299,0
5.905164945092884,1.5170106005105695,3.6263577361714843,10.627563788118623,0.419355,0.04116622056220802,4.596602565442836,6.605376251499274,11.067120049784593,73.0787532150929,112.69215915592866,-2.454499713913884,0
6.652,1.454,3.6526,13.3808668039771,0.419355,0.0403987669453956,4.4,9.86,11.9568,118.2874,117.2,2.72,0
6.401785852500471,1.3908867320757972,3.6444128263305533,14.753436050622465,0.419355,0.050819680877091614,4.492154361865773,9.069976757397097,11.316682227915027,105.5091215384817,114.8506598642749,0.7092399967200095,0
3.971604217811504,1.8272381233951438,4.014245360100769,14.596836381154752,0.464286,0.03838337226248993,7.879507562287531,7.369297785538647,8.053475242613585,50.119783116013096,93.34157160187664,-3.8861755328659067,0
5.2494493739521015,1.6050198043599355,3.261651688932513,13.3808668039771,0.419355,0.11637873602963064,4.369428172163134,5.726085529905736,10.81762845164894,61.5028152017979,110.9668619340424,-41.09777395191668,0
6.336699324430502,1.4094894786970427,3.633680195785314,14.466906799589099,0.419355,0.05169389602606695,4.472916774873792,8.800689014683348,11.344679842519676,102.74870094341537,114.79833362765672,0.5945839782478037,0
5.188,1.62,3.215837180049741,13.3808668039771,0.419355,0.12438525488838,4.4,5.4558,10.8268,58.2386,110.6,-45.28,0
6.439377699444477,1.3867920747115148,3.6489780917094534,14.796723969184578,0.419355,0.04996604229869452,4.495060714693755,9.213397018653074,11.337445221912892,107.21045022031012,114.98698656192937,0.8530075634146399,0
3.9536239585600064,1.8268257761163096,4.025635494731407,14.32955866425488,0.464286,0.037949381664764616,7.955264387933841,7.406998313663608,7.999106934250222,50.1089779391501,93.89786723803321,-3.1454687639675365,0
6.652,1.454,3.6526,13.3808668039771,0.419355,0.0403987669453956,4.4,9.86,11.9568,118.2874,117.2,2.72,0
5.531261767691142,1.5713401151394402,3.3889455672121107,13.3808668039771,0.419355,0.10238494347277512,4.434952929235429,18.105844917538914,21.44423586910409,69.50329888337833,111.23785303073429,-32.299119269208276,0
6.2316761717579165,3.5336257855721884,3.607763333370677,9.133319800986648,0.4195061102734323,0.04187061458659186,4.344865180133338,6.472488140924874,11.69861130197062,76.46967300837642,113.8025247513445,2.0088283026809983,0
6.484052668267076,1.4009134155071412,3.6497391061446076,14.4992322453737,0.419355,0.04795582170090622,4.47508710677915,9.349257499688223,11.467580467975399,109.53787488255958,115.45197215418139,1.2452892228574992,0
6.3675076074509755,1.4181147077830663,3.6362010889803975,13.014891718599152,0.419355,0.04762578702898851,4.448326964329401,8.30400663667793,11.43695143958063,96.92169664503112,114.54193848465404,1.3644499950213076,0
6.187530904047449,1.4754878941188012,3.6033431350199785,13.3808668039771,0.419355,0.05247222927377865,4.4,8.140968470495897,11.538612522149482,96.79818354925294,115.05121058811987,0.6042688867641814,0
5.333241558149077,1.6258565144414951,3.2781753009548873,13.292591227269419,0.419355,0.13450955331924458,4.421296416150891,5.817375877513866,10.812946681293846,62.20498297064693,110.89814982611247,-42.217575357501865,0
5.30620833044529,1.599993754518447,3.31879794660495,12.956685130530033,0.419355,0.10528793016706922,4.480024981926213,5.737419343538615,10.793463878957596,61.15600217324226,110.92009992770484,-36.184589197072256,0
6.0938412786341605,1.4789021025509905,3.59363341870621,13.39777719576929,0.419355,0.05495586419338835,4.401135364476742,7.795892831945434,11.449147635955129,92.44871458413216,114.60308819137673,0.16676677228138176,0
6.51980050507714,1.4122129731700888,3.6503480516135127,14.261186514723825,0.419355,0.04634729147076055,4.459104705558573,9.457969792790585,11.571711565591896,111.40022418478728,115.82404245459642,1.559183582829626,0
5.778300741390184,1.6063990823016716,3.501410292940313,13.102108356295972,0.419355,0.13920218353109412,4.401750794346626,7.176672626159521,10.763403861628499,77.75723589710766,112.32749735217791,-26.64908436873067,0
6.121263143441123,1.9092221173509876,3.5956990513837503,12.493906423561043,0.419355,0.05227542501497449,4.38541053306081,7.506551705368313,11.505452143154207,89.00800738907724,114.44368428279438,0.5434945595444387,0
5.926557558482213,1.5022876056615164,3.6113607418068683,12.593279924724193,0.419355,0.0490017271580858,4.548584037743443,7.316205539329398,11.12400002212885,83.24868533524166,113.49623286247729,-2.242816153222525,0
5.781777934964247,1.5265586794251966,3.632455591401019,11.18116889183815,0.419355,0.04097779204318655,4.691160834887212,6.655999520140837,10.829105354096827,71.79627555071363,112.2654937938016,-4.331827307272944,0
3.950172641037732,1.826746625901132,4.027821835355417,14.278254606023735,0.464286,0.03786607700639008,7.969805939094355,7.414234944209178,7.988670917022315,50.106903881389485,94.00464839451024,-3.003289821238834,0
6.610526330618706,1.4559187106831204,3.6482017247417704,13.3808668039771,0.419355,0.04147683820838878,4.4,9.70650314535037,11.919458938243888,116.36857124237606,117.00812893168796,2.531080794277379,0
5.269056638254468,1.583312217469462,3.6439828903325946,13.679629783916486,0.4283676913666178,0.06535139072559645,4.922523743129629,7.245408125766033,10.233693017180563,73.68319667714283,108.94255779676458,-15.256972455916452,0
5.791192950586113,1.5124355966567524,3.57127473626494,12.063634903699876,0.419355,0.06261909232686222,4.243333866280086,6.989997122087536,11.05968122108245,78.65389630746344,113.26309847384337,-11.556112209153103,0
5.2403588257790155,1.6175727696658735,3.2200132474583936,13.3808668039771,0.419355,0.12427071594589717,4.434674719058951,8.974278417630813,13.967982799550368,58.96278150754619,110.49597584282314,-44.780684045551105,0
5.540414748268654,1.5340879469394821,3.513382031355393,13.3808668039771,0.419355,0.07846753194601473,4.224669279468332,7.005898900220486,10.774200783840499,76.95901169260736,112.70396864638003,-21.294757431267684,0
6.102725657112779,1.4809416986263457,3.594426121973772,13.019829735038352,0.419355,0.05387658040100002,4.394909737154888,7.668692919120229,11.473046145387418,90.95157508650215,114.5363717144361,0.3703975309312759,0
5.717583890779999,1.579184922474607,3.5183676419321572,13.191992946761339,0.419355,0.11753530434023655,4.336697025835714,7.1919331560227056,10.764498933398432,78.3491709790832,112.54434324721429,-23.834424651158553,0
6.552322370925225,1.422492831512556,3.650902044375474,14.044622604604228,0.419355,0.04488391888585886,4.444564594748861,9.556871626518255,11.666445621957067,113.0945105968891,116.16253623424655,1.844751359132391,0
7.013914391499144,1.6623111904559025,3.800627194430028,13.3808668039771,0.4345685554019575,0.03768706062510536,4.926038359737128,11.030540558087056,10.80645931492685,119.66698820224659,115.41146957689377,-1.1516423276652596,0
6.606189296183916,1.4395196639701473,3.6518196389206885,13.685921415237232,0.419355,0.04246009172831716,4.42048138052313,9.720685649681672,11.82335643259482,115.90080713454232,116.72319346142154,2.3177456865257344,0
5.855792304503769,2.098154347492736,3.627709800324366,10.849085857465695,0.419355,0.0411532955313872,4.631620994595172,6.625632876937239,10.971879764661644,72.56557675736893,112.52143133333078,-3.3860891891995006,0
5.8351110788455705,1.6231834791953974,3.5097268327225954,12.661723233069313,0.419355,0.1442118165899709,4.552862001749136,7.055063797738735,10.744675573435028,75.62310743896526,112.0,-25.529220622287767,0
5.521035984477115,1.6334288703418192,3.347317794284756,13.178452674241914,0.419355,0.14760006845848989,4.448832255788433,6.284886246839969,10.795034617609623,67.33343672770046,111.28365158103806,-38.25792161762328,0
7.156158148838703,1.795582812056256,3.883847943003198,13.3808668039771,0.4440224878580513,0.03815051661767745,5.252926519070963,11.452019249904307,10.017201106745526,116.70013926719103,113.91765878474322,-3.9340472915406175,0
6.148715945585135,1.4772836039409012,3.5992268155816265,13.3808668039771,0.419355,0.053481189703775425,4.4,7.997311684727903,11.503665246380923,95.0023632219332,114.87163960590988,0.42746053504972714,0
6.201906731889814,3.0164048243592125,3.6026612811864873,10.205983328966495,0.419355,0.04522811717106347,4.347776858451421,6.801189118403765,11.646427888240979,80.55290885321733,114.04046634055092,1.5327225778483788,0
5.372102007289186,1.5888415364839386,3.3610779358124443,12.720230643710591,0.419355,0.09464237803864778,4.524633854064247,5.894404337288377,10.774881097364094,62.78226958860245,111.09853541625698,-31.114472243783677,0
5.741360539891033,1.5275417445603137,3.632165341947306,11.700863361653594,0.419355,0.04219661854480696,4.7169449637354255,6.790678934625852,10.753702191189912,73.00870924923986,112.24555169796541,-4.965452842121445,0
5.56929616691206,1.55585530225903,3.6652377630443747,11.790304617427626,0.42291028217170507,0.04069966359821113,4.991497433576907,6.738396929295524,10.47749172692777,69.34706178132636,110.47856775101748,-5.432266774855232,0
6.035131891945458,1.4846089210765816,3.588720287571746,13.3808668039771,0.419355,0.05687290683145947,4.3780527567781835,7.718986663843349,11.375740428181386,90.89294015617062,114.42442205422546,-1.8240307872522337,0
5.867877291926593,3.281259605054048,3.6870163681315065,9.486153924965716,0.4261104930894732,0.0406208138058535,4.994558533205842,6.668645557140994,11.068868826457514,72.5651357528095,111.72758497865,2.3946755994717948,0
5.727223761484364,1.6417428936082405,3.423232384910152,13.053134926640311,0.419355,0.16197272194569154,4.479065067666329,6.79818648510585,10.775368173483052,72.96419212511694,111.70691094732861,-33.91044326958189,0
6.207767464649764,1.4926322851420344,3.607042464926313,9.336276727538223,0.419355,0.043181542847385096,4.333057607770718,6.505488918038122,11.666098354462921,76.70946106142657,113.80784976146506,1.6204601126140474,0
5.59892715736387,1.6178959921857912,3.331132703982613,13.262047607168354,0.419355,0.13754131853288895,4.571334958588455,20.419341405203845,23.73262118761811,66.55702485549504,110.5733008282309,-39.103520237672356,0
5.750493458634338,1.5262963465498631,3.6311393712053635,11.744872536410858,0.419355,0.04253220982201666,4.70864231033242,6.81659507417666,10.77196328430315,73.51368967623739,112.30722855181631,-4.8311870756614255,0
6.439499639829746,1.386830618929508,3.6489801688993397,14.795911965139089,0.419355,0.04996055539896898,4.495006196705081,9.213767850012042,11.337800426235585,107.2168029289405,114.98825574070572,0.8540782967122191,0
6.206572037389115,3.0804563586609635,3.6030640525612605,10.073624881128039,0.419355,0.044820423953636876,4.345599715885079,6.760383246303203,11.654583464294493,80.06377365406155,114.01713981305441,1.5899503253064837,0
5.957996427995318,1.5045060159614534,3.5855967394560286,10.971554585376134,0.419355,0.054835968933492886,4.279260769106684,6.795991846823908,11.302500892458045,77.87531156527152,113.48122609814772,-6.279989908332727,0
5.354675865309894,1.6122733042571573,3.251357100312808,13.3808668039771,0.419355,0.12402063866435352,4.510381367754897,16.656307767457164,20.826248104916132,60.54391486556102,110.2688558967353,-43.690508304329484,0
5.390853606690569,1.6105961904183181,3.257143143056803,13.3808668039771,0.419355,0.12394149708358834,4.5343401368811715,19.087428029469336,22.996673000065314,61.04429375876326,110.19697958935649,-43.345502028911135,0
5.188,1.62,3.224486940930929,13.3808668039771,0.419355,0.12438525488838,4.4,5.4558,10.8268,58.2386,110.6,-45.28,0
5.387077330843589,1.6107712495635425,3.256539189005779,13.3808668039771,0.419355,0.12394975797629557,4.531839291949396,18.833664793397205,22.770121457695822,60.99206361236314,110.20448212415181,-43.38151419592869,0
5.866688252366675,1.6451918122555613,3.479020423683436,12.937441029753634,0.419355,0.1692945471730199,4.505017799444431,7.144269312935857,10.760129250779448,76.74553242503363,112.0,-30.390191576445748,0
6.24,2.8661964117188012,3.607218645145128,9.12524684966995,0.419355,0.04182636132085622,4.3332866454537,6.468,11.71302,76.55901,113.85,2.210345309036746,0
7.251330751325473,1.798963630123383,3.8977332462543433,13.3808668039771,0.4445486695626221,0.03590817739027582,5.271120278089351,11.798416842804423,10.051834175874207,120.57200004131712,114.2381910544962,-3.6914452467376213,0
5.188,1.62,3.2164814166824303,13.3808668039771,0.419355,0.12438525488838,4.4,5.4558,10.8268,58.2386,110.6,-45.28,0
6.652,1.454,3.6526,13.3808668039771,0.419355,0.0403987669453956,4.4,9.86,11.9568,118.2874,117.2,2.72,0
6.365351540138338,1.4798122763613293,3.6228289135983482,10.420024799951124,0.419355,0.04128848457308412,4.358255078660923,7.500020446964179,11.78719038459933,89.25492736406119,114.86924189190152,2.664340104881231,0
5.686376116492522,1.6400958111488921,3.4081930247086105,13.077961494633367,0.419355,0.15912537058589038,4.473075676905062,6.696497111413367,10.779264272173258,71.84868905869861,111.62305947667086,-34.7717176610521,0
7.24517083986417,1.8219305685997944,3.9081306051149456,13.3808668039771,0.44608195668776934,0.03674314401138164,5.3241366718913365,11.758593199826581,9.897511081885042,118.73847292355198,113.86069066248693,-4.275856025078413,0
6.919770754969104,1.6081238647787286,3.7621213523957935,13.3808668039771,0.43061110175067074,0.03839244814267861,4.789201678734163,10.726051575519259,11.105693768944132,119.30812032264822,115.87671429230384,-0.14452435548344011,0
5.302077914131087,1.5921899612317252,3.3068310650911394,13.3808668039771,0.419355,0.10952152378561415,4.3432448188402555,5.957572556633305,10.809773445652077,64.29846420278828,111.28106217391694,-37.5158912173469,0
5.7576309789984705,1.5691821974837825,3.585070360119366,11.985201555077918,0.419355,0.08266696461917541,4.67025609242656,6.8361825156706795,10.70675728214622,72.86904207167291,112.0,-13.601981009461536,0
3.8206533228922197,1.823776316204995,4.109869733014237,12.352941563305677,0.464286,0.03473986144338234,8.515513999547448,7.685807596648205,7.597033281020985,50.029069678881,98.01187823889202,2.332330444942301,0
5.426624166328727,1.5618279395517032,3.413748755721502,13.3808668039771,0.419355,0.09329382522868103,4.28128150928919,6.505390176374269,10.791184452786757,70.91441069017458,112.02462188852971,-29.03931047076123,0
4.0784523146424725,1.81442910621508,3.9871508990889333,14.644440899339033,0.46251966624479957,0.03893943849660884,7.665901371870115,7.296810394843448,8.250777807016133,51.16978599340861,93.60102477247194,-4.357650373397435,0
5.246335908741286,1.6172956863497419,3.2340298820933913,13.3808668039771,0.419355,0.12425764061902639,4.438633052146548,9.37593443436229,14.32656819395571,59.045451294080635,110.48410084356036,-44.72368404908972,0
5.955551904240249,3.322999474028535,3.6560940273770397,9.851543219716142,0.4250352388402584,0.04151086694234398,4.76893501710127,6.577067007938856,11.257407474990897,73.21792413341726,111.18534333590051,1.1600563785654279,0
5.302608257814926,1.5920606734680032,3.3072863427162464,13.3808668039771,0.419355,0.10945242289111866,4.342980966261231,5.95990527728446,10.809694289878369,64.32663627035589,111.28422840486523,-37.47979618453635,0
5.507098603049054,1.632866879155204,3.333778910782687,13.18692359949937,0.419355,0.14662854067594128,4.446788651473469,6.250189421879416,10.796363982216509,66.95282257665333,111.25504112062856,-38.55179191811524,0
6.656468942969717,1.5000883605734165,3.7201617020098143,14.497573077666186,0.42659227485781825,0.04665461837146352,4.725218608348136,9.906855716327415,10.92107508719223,110.20714239558941,114.60373961316755,-0.5943106784961563,0
5.7476099170783925,1.6341337146282982,3.4104823452197315,13.09986246880499,0.419355,0.15640077367110566,4.532207916558318,13.143129942871877,16.61813157175721,72.20996294336219,111.35584166883365,-34.60391040420655,0
6.344515174322074,1.4072555866847618,3.6349690128688295,14.501314374889683,0.419355,0.05158891678412639,4.475226901049885,8.83302616089628,11.34131777728804,103.08018325854894,114.80461717085568,0.6083523302573102,0
7.101048482044031,1.7276764910219153,3.859245553400492,13.771249444918517,0.4406957167277583,0.03923284446855478,5.164107225026192,11.323685701767886,10.172397428085986,117.16845227552376,114.08097450530214,-3.225691762490367,0
5.2810053463501765,1.6237502155786363,3.258942877519838,13.32433959034357,0.419355,0.13086834343490078,4.413637147558677,5.687334900538107,10.817929035513082,60.77847100278713,110.79092006582147,-43.31897818106225,0
4.925015570492551,1.667175086843947,3.8942265211643554,10.400598163138806,0.4432271476372522,0.03727780413715836,6.683063165304182,7.177028978253612,9.436758043714796,62.44570185050031,106.34993981695575,3.6946440778069842,0
6.652,1.454,3.6526,13.3808668039771,0.419355,0.0403987669453956,4.4,9.86,11.9568,118.2874,117.2,2.72,0
5.293877442759592,1.6150917741767077,3.2416333790903584,13.3808668039771,0.419355,0.12415363987131195,4.47011751176132,12.57069403593284,17.178745390457927,59.703004233135154,110.38964746471603,-44.270307830637,0
6.844321522098412,1.70327917054113,3.798778911228447,13.3808668039771,0.43680758619248655,0.04308094081964224,5.00345721767873,10.378004013550468,10.436509108525591,109.5592800902795,114.11723422585702,-2.7365946448579033,0
6.652,1.454,3.6526,13.3808668039771,0.419355,0.0403987669453956,4.4,9.86,11.9568,118.2874,117.2,2.72,0
5.975485136984119,2.5471478904923894,3.6209309352324883,10.312055558484573,0.419355,0.04138567157478089,4.537656527975084,6.576525256882217,11.202768357140842,73.80965734642207,112.93532243630023,-1.7081522852693611,0
6.7728622180032545,1.5596721370036515,3.7565745900193384,14.307417708559946,0.43028463054270966,0.04471155870453271,4.8401219697949145,10.277789301157936,10.725067315738645,112.02965014557708,114.46687694264428,-1.2832201655703943,0
5.262660394535391,1.623010499779653,3.238118268770522,13.335489368835086,0.419355,0.12958957880830482,4.410947271926011,5.641665519577788,10.81967879961213,60.27749108076772,110.75326180696415,-43.70578229703969,0
5.530576963128053,1.536486212968783,3.505323368054895,13.3808668039771,0.419355,0.07974934178703846,4.229563699936292,6.962627328863243,10.775669109980887,76.43642463040223,112.6452356007645,-21.964314151284743,0
6.98637523145805,1.6464601622927149,3.7893633577504295,13.3808668039771,0.4334109099840091,0.037893402555940384,4.8860105108401894,10.94147058872159,10.893992214894674,119.56201116572949,115.54756426314336,-0.8570373597837926,0
5.8374796267508415,2.02945955687152,3.628746948241962,10.931250032253809,0.419355,0.04111774262891187,4.645997302363826,6.633146209211571,10.936554438129725,72.37523581168412,112.45810712054029,-3.6428089707825997,0
6.343492774408029,2.3545607768217938,3.6294917623658605,12.282314470927078,0.419355,0.04660534307503048,4.423419909995035,7.958212423085506,11.488946301059203,93.08658021659161,114.41161851773485,1.3163860703892731,0
6.109049087261436,1.4745554732415662,3.596141154119962,13.464726257964582,0.419355,0.05475159923904342,4.4056303275681845,7.858813325299436,11.442605846470368,93.09370133308624,114.61531449098545,0.19355675230637506,0
6.324894142235896,1.44250663445532,3.627381099532422,11.714959505653713,0.419355,0.04563786936922381,4.412123733647021,7.690407130649943,11.529214467893908,90.11641924723185,114.31069034867035,1.790743036306331,0
6.329301157232016,1.4399840612243864,3.628293248440441,11.849396372673915,0.419355,0.04584345656785731,4.415867812653972,7.753864589719009,11.519672776146669,90.8202099245092,114.33460565332724,1.7466565059994794,0
4.37010389191237,2.116832904863147,3.9355852587129303,13.8997514988929,0.45669557868110455,0.039346330137250314,7.215457461013444,7.184981328776004,8.717928452507035,54.59548290370201,96.33316230670859,-3.5215954409485386,0
6.6277441294837764,1.455122157710715,3.650027669247746,13.3808668039771,0.419355,0.04102927679302964,4.4,9.770227383142801,11.934961084553008,117.1651732334259,117.0877842289285,2.6095106254065255,0
6.0119052418411485,2.8314640536774363,3.5877199650979192,10.61860777935252,0.419355,0.05246443089217709,4.28438104836823,6.733291749489371,11.380977196822972,77.62368263893288,113.55172223933073,-4.990227050037408,0
6.237995936775176,1.4909516993213632,3.6095854113146046,9.182103725998301,0.419355,0.0418556516980983,4.340801625289929,6.485528873006458,11.709516630274578,76.7691265432235,113.8600203161241,2.606866154682915,0
3.8265165911844092,1.8239107804911625,4.106155469816501,12.440099425758481,0.464286,0.03488138350238931,8.49081009580969,7.673513652046963,7.614762501388056,50.03259319041696,97.83047314795661,2.090789850274284,0
6.157008291368658,1.4975221621258648,3.6139114967779675,9.497608846421597,0.419355,0.04155081914122119,4.403601122502524,6.502049869242205,11.552928218426697,75.6963988342265,113.56301932529348,1.3772850312913603,0
5.716746126995938,1.5406866945729263,3.6248277813545564,11.628213260847952,0.419355,0.050190855665916745,4.732202837884943,6.720682808763525,10.686748483363163,71.41577142321924,112.0,-7.3081916708898165,0
5.619392135569023,1.5206027430937188,3.5565236539786262,13.188433329165967,0.419355,0.0706353936841722,4.206330613814867,7.189814685399721,10.809586810027879,79.45580700708453,113.03843586959026,-16.990304142616747,0
5.64052751402724,1.519597999717782,3.5583383700890154,13.050057731768087,0.419355,0.06964920765819198,4.210882849175098,7.165232614454472,10.840354068189008,79.35715388879461,113.06607444142024,-16.321775863999914,0
5.950165296412962,1.5135283303336513,3.624133793575404,10.425659032229047,0.419355,0.041234942136268764,4.5621163148984785,6.586913490537112,11.153926148045054,73.54648434332961,112.8477678474093,-1.7698214713990543,0
5.8502392482498236,1.633727354840786,3.495015834050399,12.793815661583224,0.419355,0.15622859184466553,4.529940532954813,7.097800876305752,10.752079207855594,76.16084509688008,112.0,-27.858041851791018,0
6.208023179162352,3.419448071515747,3.607761023684824,9.268718445245456,0.419355,0.041837129436209354,4.355103298601518,6.481119462007221,11.651336413755384,76.22664471730624,113.73942594663616,1.5517268106871818,0
5.6978380039573775,1.6405579840305395,3.408424579554581,13.070995136388435,0.419355,0.1599243400458302,4.474756305565598,6.725031244969113,10.778171023229579,72.16170026452313,111.64658827791837,-34.53004325966702,0
6.061986242549786,1.48382005783412,3.5961470000252516,13.245875747789523,0.419355,0.05397808645071396,4.425467052227468,7.700506415547119,11.394787037700842,90.7368538638719,114.4108161834531,-0.2518386160213354,0
6.805833936901384,1.5425439520537032,3.7155198689593743,13.3808668039771,0.4258216152458211,0.03924613950429645,4.623595838519453,10.357545459873485,11.46784062032566,118.87380244610112,116.43977414903387,1.074334628496829,0
5.338529544076575,1.6130218092149933,3.2408501449513527,13.3808668039771,0.419355,0.12405595997898455,4.499688439785811,15.571285673506074,19.85757576019666,60.32059306492667,110.30093468064257,-43.844486467084316,0
6.12464920790006,1.4965835991936742,3.599905803527542,9.880460899832475,0.419355,0.047059877151757315,4.315155214009244,6.602161844350084,11.54510118999876,77.09743023034353,113.69915665648469,-1.008634285499646,0
3.938022168415615,1.8264679750623314,4.035518916752077,14.097637044493117,0.464286,0.0375728003187651,8.020999930408875,7.43971173119063,7.95193058791806,50.0996020953688,94.38057483708145,-2.502744351308152,0
6.652,1.454,3.6526,13.3808668039771,0.419355,0.0403987669453956,4.4,9.86,11.9568,118.2874,117.2,2.72,0
6.490942814729899,1.403091326514078,3.6498564761407537,14.453350589436251,0.419355,0.04764578870689685,4.472006610305406,9.37021103670263,11.48765101148057,109.89682973416261,115.52368611209016,1.3057901736018318,0
6.649281408646129,1.4531406786394299,3.6525536902359845,13.398969971131217,0.419355,0.04052109424590748,4.401215447468982,9.851732526315987,11.948880922178494,118.14576998367691,117.17170438292212,2.696128611709201,0
7.31888014450594,1.8378438041051632,3.9253617335232147,13.3808668039771,0.44738819863263996,0.035402051851414304,5.3693025356190995,12.01689200225962,9.837129215108154,120.82949282991464,113.90437137889506,-4.414066662156568,0
7.112649894501069,1.7827043687723165,3.8719788912198916,13.3808668039771,0.44301584607909233,0.03883842218032377,5.218119915600855,11.302169860644803,10.075704045858082,115.70382808814199,113.94550406751931,-3.7669755948841046,0
5.188,1.62,3.224245233714249,13.3808668039771,0.419355,0.12438525488838,4.4,5.4558,10.8268,58.2386,110.6,-45.28,0
6.356429007864351,2.2064600336838094,3.6324344000106623,12.676936839682611,0.419355,0.047193593136277745,4.4350970707637645,8.144483744101038,11.460937875374414,95.1524684683129,114.48181886070921,1.2309367292345712,0
5.7421082959682135,1.529628442143768,3.6344160872048605,11.359156141776536,0.419355,0.04091721118205419,4.721561866641182,6.672275194457901,10.752582249729187,71.38395154745459,112.12831840661906,-4.935399010876154,0
5.263314345004461,1.6165086065229721,3.2367453074957466,13.3808668039771,0.419355,0.1242204989890211,4.449877049671828,10.516874107250093,15.345161929770928,59.280282182396135,110.45036885098452,-44.56177048472567,0
5.398710710883275,1.5782855122906445,3.716591732989316,11.5256513183508,0.4264487546645894,0.039682119373805294,5.381524307457165,6.8635374007036845,10.167531267768108,67.68233294802312,110.06339124091339,-3.9014540967490507,0
5.843687783729354,1.6446264290125479,3.461757585632403,12.995059449770624,0.419355,0.16858763527737708,4.5069242674396435,8.441287739079009,12.020793010684102,75.86285607525633,111.86151465120713,-31.696290755559005,0
5.744724537289433,1.5913497479636565,3.510787647085594,13.15181421759556,0.419355,0.12722047580700266,4.365776289952963,7.1851116453152,10.764009432452458,78.08457390833632,112.44741236682346,-25.092587478631557,0
6.8913523390881775,1.6203293260197795,3.7936434628391558,14.113836655841444,0.4340435046878467,0.04273349446376346,4.957095336228416,10.65540532208671,10.525528428578463,113.88499070466028,114.32754866618126,-1.9845404825428115,0
6.145492845827105,1.4641392776535302,3.602150652674636,13.6251619603489,0.419355,0.054262101845827755,4.41640198794878,8.009595027307014,11.426929202818863,94.6393376527583,114.64461340722067,0.25775584817472535,0
7.097052447863532,1.8044646873709935,3.881245674393224,13.3808668039771,0.4442609793398064,0.04034751601093865,5.233407392820708,11.410333348316687,9.908382925696932,115.17407770764432,113.68893826188047,-6.483624852784167,0
6.140740638185081,1.498781004820818,3.6147154533203487,9.570597533144607,0.419355,0.04152597625221577,4.416067922138536,6.508724168071729,11.521547763401433,75.52731375924125,113.50676669278953,1.129773448273938,0
5.7120154028758465,1.5315433541532937,3.6354619060405704,11.559456731475937,0.419355,0.041118324487056955,4.7436223610219574,6.707407344524318,10.695027161386562,71.38614802464865,112.04737674669403,-5.396864466812229,0
6.215399357617141,1.4441589043786316,3.613678088320647,13.932910138958478,0.419355,0.0533231466821236,4.437064214706689,8.298824877464234,11.396858224484472,97.60418123247752,114.7008146640022,0.38090271965186695,0
6.331095155404436,1.4389571775468688,3.6286645640532544,11.90412264293904,0.419355,0.04592714656186599,4.417391944271809,7.779696715476819,11.515788564821902,91.10670751753156,114.34434104403617,1.728709856199452,0
6.10329518145901,3.444568281635141,3.635730937590642,9.257831438484494,0.4218367309906526,0.04142957237672598,4.574135473919668,6.5417101334719,11.47638147356339,75.09180081767295,113.07029923445282,2.1449899590586265,0
5.482391810528641,1.6318706375213163,3.3241099328887014,13.201940006553457,0.419355,0.14490631362237735,4.443165954622968,6.188682369077405,10.798720546517758,66.2781079676866,111.20432336472155,-39.072735725217214,0
5.770297768937736,2.081588798546137,3.5684099524558697,12.200437906733269,0.419355,0.06365555270031922,4.236059553787547,7.014299825666264,11.029263622960407,78.75142826464707,113.23577400553395,-12.394566835015837,0
7.00945571829887,1.680788535029213,3.8305913459492937,13.920887435536129,0.43779011018122965,0.040761886459723645,5.0736869113483865,11.03178883581289,10.326640819706256,115.73427558687705,114.18867514559392,-2.6835717484843222,0
6.366655400832989,2.0893829568522975,3.634760623406495,12.988894986598725,0.419355,0.04765861847077334,4.4443281375330965,8.291735549189713,11.43879656442385,96.78560110794284,114.53731386211074,1.1633870406401643,0
5.197919461985495,1.620399978305867,3.228352165549205,13.374837908125537,0.419355,0.1250767070780604,4.401454466566789,5.480494296987572,10.825853869498305,58.509489307431316,110.62036253193503,-45.07084770769586,0
5.667605438747091,1.6253963834421166,3.3677852183629216,13.187132421372217,0.419355,0.14625271835626857,4.553261726645502,17.058375418472533,20.446356386815008,69.16818215030108,110.93476546708996,-37.02509856423276,0
5.952331422109431,1.4987729878941685,3.608465366217577,12.717477511544026,0.419355,0.04994879392352999,4.525153252627789,7.3893430614404,11.175534360363221,84.67378250578085,113.67029012333641,-1.8639068853522534,0
5.785036925081959,1.638221137870793,3.430456548438477,13.059036589037625,0.419355,0.16114814976068195,4.5223587039258,11.311533427181548,14.827244314180234,73.63294271226411,111.552825921484,-33.471250951467034,0
5.758916230736923,1.5283277907429744,3.6335854296435808,11.2837433534997,0.419355,0.04094287915352847,4.708681019435255,6.665379228697655,10.785004912981531,71.55865227893953,112.18643930254824,-4.679667068787747,0
7.150121633109632,1.7937960034004512,3.8822011815123076,13.3808668039771,0.44388282220093095,0.03824595948966227,5.248097306487706,11.431228523890871,10.025318047255464,116.56190692036537,113.92152215480984,-3.910867071140987,0
5.637635808153552,1.5263493563966286,3.5880699584402573,12.612391247831075,0.419355,0.05910528486616569,4.427823430299595,7.0017685993532135,10.731259544873263,76.0328446771501,112.58577558127347,-12.775332719416415,0
4.464845166572455,1.7459367933728713,3.901160088622457,13.944234939492734,0.45184561039109794,0.03939032600674271,6.956969417854734,7.152631097892867,8.821201623269793,55.908557957478735,98.0961071299622,-4.881007266814007,0
6.239301241383173,1.4911935630729765,3.609961133724835,9.125924547975549,0.41936768522158085,0.04167522066624621,4.341245060808164,6.468376764999658,11.711810436129571,76.5515104468037,113.84601460552534,2.6405604185270306,0
3.886324777192637,1.8252823815569512,4.068268180144009,13.329151979707078,0.464286,0.03632497728107276,8.238818272095024,7.548109442509872,7.795609165168935,50.06853472043799,95.98005306126926,-0.37304159910466517,0
6.231036983911742,3.511581555913151,3.6052336481757155,9.18392868061759,0.419355,0.04231437225337513,4.328207396782348,6.47842467717342,11.69997233064149,76.60084646335633,113.83827913280766,1.7253180300336908,0
5.1226888594234286,1.6582298833210896,3.8048587575190878,11.978136490029286,0.4416669586032204,0.04026221527877655,6.059169408300486,6.896414831584472,9.923375570779235,63.43523622192274,103.38323779982491,-0.9771085990932225,0
5.845059611658276,1.6363213616539771,3.4827654941725816,13.003279223136492,0.419355,0.16302516450722304,4.473278155348153,7.159893499391246,10.762199817718306,77.10639651812792,112.08907281550616,-29.743834854730075,0
6.24,2.460912228089833,3.607982398964787,9.12524684966995,0.419355,0.041782504480996824,4.335265282292195,6.468,11.71302,76.55901,113.85,2.336978066700438,0
5.651147781656542,1.6386753137764736,3.3901524089796644,13.099372732668321,0.419355,0.15666972235650548,4.467910231914449,6.608796895001493,10.782624394139651,70.88664300825441,111.55074324680228,-35.51450865070224,0
6.415531838325392,1.3869579145625117,3.64667951026214,14.813949756606224,0.419355,0.05063505051805898,4.496217254847454,9.126849133354664,11.310769255985209,106.09211011531605,114.86171093318508,0.733454838890827,0
6.459998819795273,1.393310218444699,3.6493293615742033,14.659407418065534,0.419355,0.04903816250445784,4.485841275184301,9.276107646196383,11.39751318931521,108.28474540914931,115.20161511370947,1.0340773553803249,0
6.17376063746037,1.4861982871720676,3.6023867754380587,11.004510536231495,0.419355,0.04756398582145472,4.366495745015852,7.047373624346624,11.597224762365723,83.50389362929744,114.18119681269815,1.5448425393447964,0
6.49525785976902,1.4175615553371306,3.6697278507689277,14.760948715315454,0.4214781592927044,0.04934586280581114,4.566071137354655,9.393092313855794,11.192556623755936,107.68286899205715,114.79330193417312,0.3598668253714239,0
6.286366710878806,1.4238753260367674,3.6253804544771597,14.245328440884578,0.419355,0.052369942737409615,4.458039993757221,8.59244383261358,11.36633091468549,100.6140167442174,114.75786878301965,0.5059183627930373,0
4.131924054011289,1.8005471835318185,3.9628007529768547,14.738175184596974,0.4603005064557617,0.041770493757289466,7.482493473407085,7.321259133382245,8.344844723966126,52.744206419360836,94.56665759777354,-5.821614838158671,0
5.768706935237128,1.576901803347089,3.5742998317648658,12.081911865399181,0.419355,0.09146494098327893,4.653474340549806,6.867472092044886,10.712177788002412,73.26274197070154,112.0,-15.307007000139665,0
6.723009573984664,1.4948717896772192,3.681643741452448,13.3808668039771,0.42233998239710824,0.03986671540199687,4.503211590093988,10.089666430277141,11.731096894782466,118.5580827161805,116.84908059368044,1.9603626969082466,0
7.305947680209424,1.8325680151301877,3.923346950615133,13.436499154186636,0.4471957548009003,0.03581227427129107,5.366383573210133,11.976678704005245,9.827344544287909,120.37680238436884,113.84004089946527,-4.438450845602083,0
7.1192355635270514,1.736986779753721,3.864935264950154,13.741536635554123,0.44127266736074,0.03892923084071711,5.182061499417933,11.381646089343178,10.14177014906403,117.45322901148991,114.0595889695822,-3.333337612065735,0
6.22532487590235,1.490014040816774,3.6081654077594565,9.541591855949243,0.419355,0.0429816781964727,4.34587004963906,6.5963584187741136,11.687365926394094,78.09762729938457,113.92337562048824,2.3973712815855164,0
5.796908688266273,1.6445527696881561,3.4488891079525823,13.010781503984301,0.419355,0.16683022281433998,4.489282798866022,6.971665679847044,10.768721539337651,74.86720879900064,111.84995918412432,-32.44113352306598,0
3.7940608684090864,1.8231664625821817,4.126715521080212,11.957643007172594,0.464286,0.03409799777196966,8.627556874436383,7.741565946076319,7.516623608098319,50.01308903200088,98.83462868852344,3.427821380960793,0
6.24,1.7211155224561745,3.609376538145447,9.12524684966995,0.419355,0.04170244918410129,4.338877041827583,6.468,11.71302,76.55901,113.85,2.568130676965312,0
6.044752394990814,1.486170127955798,3.59808301017311,13.162830290988676,0.419355,0.053344824612291085,4.441134186371987,7.651602575396013,11.360328295230984,89.78395414542004,114.29443175837952,-0.5051985567584136,0
5.417452878476903,1.5640637261424466,3.4058755929412414,13.3808668039771,0.419355,0.09448879410178773,4.285844339066218,6.46505019831557,10.792553301719865,70.42722822922181,111.96986793120539,-29.663505584258573,0
5.4913968580167944,1.568651402173173,3.4596865517862225,12.292150074222514,0.419355,0.07536951889798137,4.605394391307308,6.178612205066317,10.741238564992555,65.72648727155511,111.42157756522923,-21.93546032512943,0
4.055389786026367,1.815168098751988,3.9842586656917875,14.809420172641888,0.4624497322025308,0.040183390623578445,7.654791244208143,7.326364256060344,8.21771652145142,51.334915793158835,93.5990932050195,-5.1865717495537735,0
5.416051451213433,1.6094280784205695,3.261173129449036,13.3808668039771,0.419355,0.1238863748683447,4.551027451134724,20.78070649409156,24.50837679829463,61.3928083169487,110.14691764659582,-43.10520470365998,0
6.534998705194463,1.4170169824171706,3.6506069449039273,14.159981323743635,0.419355,0.04566342451505051,4.452309784417015,9.504188846395465,11.615982923000757,112.19200237080734,115.9822282187719,1.6926358340498278,0
5.819678948216934,1.511081416153995,3.573720587846134,11.877134011490538,0.419355,0.061289923187300414,4.249469311923647,6.956865715612304,11.101148945202812,78.52093287369124,113.30034939382215,-10.655078191784355,0
6.7931563474703385,1.6881342788512204,3.7848210515899083,13.3808668039771,0.4356237877801517,0.04388990934242614,4.962525077976271,10.201782965703442,10.505307848937484,108.38763033700837,114.14997993761898,-2.5401203742861003,0
5.188,1.62,3.214899109088615,13.3808668039771,0.419355,0.12438525488838,4.4,5.4558,10.8268,58.2386,110.6,-45.28,0
5.859728703190632,1.64289625803723,3.4786686264660447,12.981563253489941,0.419355,0.1682598469862562,4.488995039132821,7.156206580403426,10.761935250174597,76.96338597309061,112.0366832028906,-30.423852026480038,0
6.208508420054487,1.4953166907450275,3.6166212788357703,9.155789285721273,0.41992669623375023,0.041572192181277445,4.396112269721095,6.484980005429207,11.658507502540138,76.22102092430265,113.67038666044208,2.6652568833098353,0
5.442561409934804,1.5717305108860344,3.70508940078321,11.5256513183508,0.4254331589124842,0.03985083127642151,5.291110494979787,6.838334550475616,10.241043348175495,68.15706479759379,110.34065084773854,-4.130314059582414,0
6.324455745154177,2.5725066100625447,3.6251613613169993,11.701586115676815,0.419355,0.0457396711882054,4.4062357387363145,7.684094566500807,11.530163647740208,90.04640819001253,114.30831132346184,1.44213377065897,0
6.207369943639751,3.438126345075128,3.6033421054955155,9.338879340372786,0.419355,0.043410616203693436,4.32347398872795,6.505951265551305,11.665519673955085,76.71131656107144,113.80732992629812,1.0000142727751253,0
6.89089486224952,1.6200951355335278,3.7935003441504844,14.114584050199815,0.4340289921036322,0.04274113154411448,4.956643715406417,10.653947389713117,10.526298825455868,113.87782744644238,114.32808659676036,-1.9818327648144756,0
6.2157623547719565,1.4929755860045628,3.6110078380183728,9.233994797175926,0.419355,0.041640544478937336,4.358574644006538,6.4779442301449635,11.666265355835055,76.30708527462001,113.76618758192171,2.2712253604555577,0
5.811849139447686,1.5114536332170254,3.5730483084193465,11.928396612162574,0.419355,0.06165526549756921,4.2477828915733475,6.965972385503923,11.089750911889523,78.55747989139556,113.2901104131239,-10.902741066085511,0
7.024865507812134,1.688677078872753,3.835412199556473,13.895711975769233,0.43827895649899057,0.040504636713374564,5.088899445008523,11.080898275030847,10.300690536064927,115.97556496382352,114.17055532772318,-2.774779339184434,0
3.7776844867464585,1.8227908975627187,4.137089631335853,11.714207034384634,0.464286,0.033702720063960544,8.696556029174921,7.775903506443005,7.467105069146458,50.00324770002866,99.34130156389901,4.102455521542557,0
5.952665964100306,1.4987273685317763,3.6084277845523682,12.719089582926006,0.419355,0.049961086748765086,4.524849123545176,7.390292378648271,11.176203270556922,84.69228011450251,113.67254936795011,-1.858988683616281,0
6.160299096299119,2.4451597261227036,3.599069155313824,11.386425224108496,0.419355,0.04886413861189325,4.367193755060411,7.165117237703706,11.5736921935437,84.91527250209319,114.2485045185044,1.0223355812691923,0
5.777072166605862,1.5226719772810189,3.628153581283887,11.872948460090626,0.419355,0.043508850784828856,4.684479848540126,6.892016472771179,10.825106893125174,74.98328857202755,112.48672112513049,-4.440445550677465,0
6.3890591435372945,1.3945242243370188,3.6423142189933833,14.697409488821252,0.419355,0.05099062073365069,4.488392735949309,9.017321517818418,11.322156747808814,104.96936207410221,114.84042824178212,0.6868207062578779,0
6.070408623777751,2.9032262935692863,3.6155548947654843,9.886158807302888,0.419355,0.04156995950438486,4.46313715516513,6.53758001323511,11.385876650301148,74.79628674534274,113.26356253082025,-0.3774491993773239,0
5.900224896785811,1.5173928771459204,3.6266018761289405,10.649728487243477,0.419355,0.04115867644564806,4.600388396855734,6.607403056365448,11.057590650431575,73.02740663000124,112.67507674589486,-2.529662318062621,0
5.390815105069025,1.610597975261701,3.2571369853471324,13.3808668039771,0.419355,0.123941581308835,4.53431463911856,19.084840745999394,22.994363157750342,61.04376123799112,110.19705608264432,-43.34586919669274,0
6.396646879109102,1.392355530961339,3.643565420508997,14.730812840557757,0.419355,0.050888705428287315,4.490635438509473,9.048714868255612,11.318892808210851,105.29116970716288,114.84652839274577,0.7001872135164626,0
6.173770424793993,2.6301120854716675,3.6002321800072146,11.004232861749733,0.419355,0.04768690182474018,4.360907135096136,7.047288017801871,11.597241871929873,83.50286747369381,114.18114787603002,1.1875838774729863,0
5.188,1.62,3.2102733405517814,13.3808668039771,0.419355,0.12438525488838,4.4,5.4558,10.8268,58.2386,110.6,-45.28,0
7.335159779730079,1.847214059263243,3.9320202936279713,13.3808668039771,0.4480725348685663,0.03528007386223721,5.3929647961193,12.069545264324667,9.785384583846314,120.89154947430248,113.82391969319437,-4.588220899438049,0
6.210098282685861,1.4925214816384722,3.607242592548766,9.321016611008568,0.419355,0.04307278585583908,4.333559630116954,6.502777997368445,11.669491380066177,76.69858155586758,113.8108977542815,1.6941856800327635,0
6.19601838424529,2.935561736765006,3.60215292050651,10.373040460526031,0.419355,0.04574268998883094,4.350524754018864,6.852692532467861,11.636134271445334,81.1702742322334,114.06990807877354,1.4604921800755613,0
6.472545735674187,1.4623021545773507,3.6335689071996113,13.3808668039771,0.419355,0.04506352143366135,4.4,9.195827633811938,11.795227299379249,109.98473452082906,116.36978454226492,1.902557087768538,0
5.284455151434525,1.6036753853955108,3.2886294177283255,13.034744771849903,0.419355,0.10880229773934158,4.465298458417958,5.6855946035239935,10.79959852789332,60.619129928436244,110.86119383367182,-37.85836378323906,0
5.988719877358264,2.759503816280863,3.5858669194288644,10.770404855877523,0.419355,0.05353836389174897,4.279743975471653,6.760258111872543,11.347225726698364,77.73190442968277,113.52140291654541,-5.700769296959066,0
5.709374366239368,1.5355488007122864,3.631996260223597,11.563846333512705,0.419355,0.044335236927394744,4.7433721723645945,6.699857584626214,10.683140788326234,71.15373883632661,112.0,-6.173387287757194,0
6.383415297271352,1.897506926953958,3.6385730393117135,13.500158953419902,0.419355,0.04842074217081728,4.4594568073919705,8.53306453109144,11.40250947085341,99.4621199933652,114.62826386561525,1.0526807741434645,0
5.235473520496535,2.842563025188081,3.824784571550013,10.099497294238985,0.4375911128285132,0.038448243270062854,6.123942238143563,7.009632560362576,9.974166399861693,65.77774793222417,108.12064771058958,3.0654068722006453,0
6.24,2.30735724746614,3.608271771725226,9.12524684966995,0.419355,0.04176588790313158,4.3360149526560265,6.468,11.71302,76.55901,113.85,2.384956969985681,0
5.539555324099723,1.6341756179072469,3.3541362784185345,13.16719690553312,0.419355,0.14889098907013307,4.451547701480898,6.330989762668054,10.793268220186675,67.83917898386204,111.32166782073257,-37.86744052704689,0
4.495338931743416,1.7133256236053656,3.9535522041799327,11.5256513183508,0.4473711244628023,0.036206471894402875,7.244146532487802,7.382743345930975,8.653102984929136,57.90234392077709,104.35154377396788,0.8133084103597477,0
6.177505314764574,2.6813896348410906,3.6005546255080083,10.898271046510107,0.419355,0.04736051605877736,4.359164186443199,7.0146201801925265,11.603770957583777,83.11128193875764,114.16247342617713,1.2333985277787736,0
5.947142996010255,1.4994805005440561,3.60904822187677,12.69247582727073,0.419355,0.04975814396919781,4.529870003627041,7.3746200601070235,11.165160203451155,84.38690229796912,113.6352514016277,-1.9401834872258563,0
6.631581909003246,1.4475460319512203,3.6522521886327772,13.516831377599347,0.419355,0.04131751111401893,4.409128667678614,9.797906802450072,11.89732344375347,117.22368199874958,116.98748461644189,2.540712966792034,0
6.5881636700303225,1.4338219317348944,3.6515125819250795,13.805954506217034,0.419355,0.04327118317251879,4.428540407729994,9.665868146620582,11.770848969092308,114.96172898926248,116.53557930804574,2.1594663921829227,0
4.137281805481233,2.0807507603356474,4.064023972739255,11.16458994078081,0.45752761866582736,0.03467549701129784,8.085157341322406,7.601768658822341,8.073176574048112,53.99120678888609,101.85707243904018,4.230155660853239,0
5.350200112217383,1.5804586791111852,3.3575669078437422,13.3808668039771,0.419355,0.10325146338104875,4.3193034267575205,6.1692384040367605,10.802591028027257,66.854734518246,111.56835887890975,-34.24070878042882,0
6.147336999598142,1.4982705574142747,3.6143894574404207,9.541001392185828,0.419355,0.04153604978111235,4.411012766663106,6.506017810445249,11.534272206215466,75.59587596987919,113.52957654066647,1.2301367789324764,0
5.228916553993402,1.6100253176832005,3.244025131301301,13.3808668039771,0.419355,0.11905405067727495,4.3796435054759195,5.635771768087398,10.820693051642776,60.412103633325145,110.84427793428897,-42.49523154910575,0
4.616828262821907,1.733897635495404,3.8931667294543493,13.269777111070395,0.45176865747695505,0.039621421144973884,6.8375202462713585,7.090378871168315,9.113117294644056,57.49347139747491,98.64443015817322,-2.6147479704912135,0
6.04932560967905,1.4834166487869598,3.589827397554966,13.3808668039771,0.419355,0.056390337887687374,4.383730243871621,7.734770077963104,11.39515743404094,91.2532561970685,114.46984195097295,-1.310785954005548,0
5.696389721393713,1.640499585540069,3.4078577956597975,13.071875380171086,0.419355,0.15982338516023395,4.474543947418433,6.72142577525701,10.778309162204309,72.12214930286717,111.64361526385807,-34.560580361229334,0
6.030591041865964,1.484990352483259,3.588366101265545,13.3808668039771,0.419355,0.05702729014862963,4.376236416746386,7.713937238554952,11.369528545272638,90.77766795239262,114.40989133397107,-1.9882279261267406,0
3.85070044274198,1.824465396820216,4.09083548353181,12.799593943592784,0.464286,0.03546511058028983,8.388915467913792,7.622805597003756,7.6878890943089155,50.04712639539765,97.08224305300877,1.0945226498870615,0
5.7711194936850365,1.5538826261789007,3.7112236437325232,9.57999548103794,0.42786702829464146,0.04010874984369673,5.175459811252116,6.720816580071644,10.901379318468683,71.52666518859019,111.17572345564905,3.0160516383980616,0
6.147055406665657,3.250928580626609,3.598521582117355,9.73376510511394,0.419355,0.046204351521427656,4.311411081333131,6.576101711631944,11.577718410607966,76.99284533343149,113.72845707025509,-0.8483943064924904,0
6.497553321236234,1.4679076985003294,3.636559287902181,11.785560085473339,0.419355,0.04087814831971167,4.377507765228578,8.588438994255595,11.86541405012371,102.64465425810887,115.9441835585956,2.6900103536381037,0
6.262047231203812,3.2869918058804393,3.610965139277057,9.797802012772443,0.419355,0.04290176537291486,4.3499013927926935,6.785462335148382,11.665285221649546,80.07990470870487,113.96964249078901,1.8543686315640584,0
3.830258261880699,1.8137619846516106,4.131010363047004,11.462359914942002,0.46310130546886397,0.033614898886911486,8.633721642467119,7.767313272533418,7.541713237829342,50.69602109485568,100.10595280374683,4.572661555622955,0
6.510676970753981,1.4093291090995952,3.650192637037912,14.321940355735377,0.419355,0.04675781926975847,4.46318372121698,9.430224328282103,11.545135310131737,110.92491688519142,115.7290829700687,1.4790717152985142,0
6.332586017760753,1.4381038086624054,3.628973137650467,11.949601694977236,0.419355,0.04599669527355707,4.4186585400186935,7.801163930141826,11.51256067722586,91.34479498226759,114.3524314243694,1.713795691279888,0
5.780379586893879,1.522220965423562,3.6277820334203628,11.888886063560248,0.419355,0.043630382732054246,4.681473102823746,6.901401814757307,10.8317200155608,75.16616357138389,112.50905695045216,-4.391822177092582,0
5.596999468088565,1.5214120446805606,3.554545958510908,13.3808668039771,0.419355,0.0717688703120171,4.202799787235426,7.231783408514484,10.776375272345156,79.77068569710907,113.02239829788341,-17.66689923391751,0
3.976257459032656,1.827344837727149,4.011297624851993,14.666007112921049,0.464286,0.03849568782539037,7.859901905942411,7.359540993432569,8.067545610012743,50.12257946581414,93.19760383427645,-4.077868390105268,0
5.372635194845101,1.58970163025628,3.7072466107580504,12.173838183671464,0.42806257029761796,0.040466520069505185,5.341473694071577,6.812156375603829,10.182569071499774,66.95417226036909,108.27371960332347,-5.33410829550286,0
6.565153579310238,1.4265486567587686,3.6511206172152275,13.959179270190461,0.419355,0.04430655845182049,4.438827925376565,9.595892451588606,11.703822088118544,113.7629759954958,116.29608589723357,1.957419545604268,0
6.652,1.454,3.6526,13.3808668039771,0.419355,0.0403987669453956,4.4,9.86,11.9568,118.2874,117.2,2.72,0
6.24,1.9220251581139152,3.608997926031187,9.12524684966995,0.419355,0.041724190130511665,4.337896181427945,6.468,11.71302,76.55901,113.85,2.5053556113885147,0
6.904680666220875,1.721145477201379,3.8152448857450545,13.3808668039771,0.43820410363821916,0.042126607173520805,5.0517445329767,10.585890563371288,10.355347788972763,110.94146586083164,114.07860437361863,-2.968373758288158,0
5.188,1.62,3.2109157687841696,13.3808668039771,0.419355,0.12438525488838,4.4,5.4558,10.8268,58.2386,110.6,-45.28,0
5.190867447115797,1.6198670719880095,3.2251586016413674,13.3808668039771,0.419355,0.12437898212814555,4.4018989715998655,5.648490547209935,10.9988278372318,58.27826002186318,110.5943030852004,-45.25265480896194,0
5.422,1.416,3.43412,13.38,0.333,0.155129291086207,3.8,7.254,13.58,97.1866,119.6,-9.76,1
4.544,1.482,3.37332,13.38,0.333,0.150886117647103,4.0,7.402,13.0998,97.3966,118.6,-10.08,1
4.524,1.506,3.4186,13.38,0.351351,0.128235893744474,4.0,7.0658,12.5986,87.3958,115.6,-12.32,1
5.036,1.526,3.6654,13.38,0.351351,0.118009608400445,5.0,5.888,12.588,66.6656,112.6,-9.76,1
5.06,1.484,3.39272,13.38,0.333,0.16005091585994,3.8,6.0078,15.134,88.3944,121.6,-8.64,1
4.394,1.448,3.34302,13.38,0.333,0.164099492627335,3.6,4.468,13.2692,61.9314,115.6,-10.4,1
4.864,1.442,3.37452,13.38,0.333,0.163299316185545,3.8,5.174,13.074,71.185,117.0,-12.64,1
4.6475,1.465,3.5844,11.52,0.333,0.170623638560145,5.25,6.38,14.294,84.36275,117.5,-9.25,1
5.07,1.526,3.5375,13.38,0.40625,0.0731306729591176,4.2,9.15,11.6646,105.2224,115.8,-11.84,1
5.19,1.4675,3.466375,11.52,0.351351,0.149144868481504,3.75,7.01725,12.8425,86.17625,115.5,-11.0,1
5.8625,1.4525,3.719025,11.52,0.333,0.144610056811815,5.5,11.18775,13.3165,139.26075,120.25,-11.75,1
4.702,1.4,3.35332,13.38,0.333,0.156922674981749,3.6,6.228,13.8292,88.056,118.4,-13.12,1
5.572,1.522,3.5629,13.38,0.40625,0.0784963088134394,4.0,7.034,11.464,78.7322,113.6,-9.6,1
5.174,1.478,3.5083,13.38,0.351351,0.133333333333332,4.2,7.2398,12.276,87.856,115.2,-10.4,1
5.624,1.504,3.5883,13.38,0.351351,0.118009608400445,4.4,7.8718,13.0,92.1172,115.0,-11.84,1
5.402,1.44,3.4794,13.38,0.351351,0.133333333333332,3.8,6.9178,13.0788,87.1858,116.6,-12.16,1
5.18,1.5,3.4473,13.38,0.351351,0.124601905445211,3.8,5.9958,13.4354,78.1246,118.0,-8.16,1
4.6625,1.4975,3.406625,11.52,0.351351,0.131032877494127,3.5,5.48725,14.37825,74.122,118.75,-9.25,1
5.3825,1.465,3.4705,11.52,0.351351,0.130841275930336,3.75,8.32475,14.13925,107.7,121.25,-12.75,1
4.94,1.4225,3.44675,11.52,0.351351,0.142450532259638,3.5,6.63975,13.9325,85.4485,117.0,-12.75,1
4.82,1.4425,3.374525,11.52,0.333,0.153073821603064,3.5,7.8625,15.00975,108.634,123.25,-9.5,1
4.348,1.502,3.27504,13.38,0.333,0.150698217478194,3.4,6.4838,16.1318,101.0524,129.2,-12.8,1
4.642,1.418,3.32422,13.38,0.333,0.162980060130066,3.6,5.8098,15.2826,87.9404,122.2,-11.52,1
4.426,1.44,3.33592,13.38,0.351351,0.0920046467819372,3.4,6.5138,14.944,95.0078,122.8,-7.84,1
5.074,1.502,3.61162,13.38,0.333,0.14944495646843,5.2,6.4142,12.392,77.5272,115.0,-12.8,1
4.716,1.508,3.52002,13.38,0.333,0.154444395101195,4.6,6.5718,14.5332,85.1676,116.6,-13.76,1
5.296,1.46,3.4598,13.38,0.351351,0.133333333333332,3.8,5.3538,13.0748,69.577,116.0,-11.2,1
4.554,1.378,3.34802,13.38,0.333,0.165359456941537,3.8,6.7538,14.5872,97.0568,119.8,-12.8,1
5.006,1.432,3.56832,13.38,0.333,0.155155229773874,5.0,7.764,14.1232,103.1882,118.4,-8.8,1
4.884,1.48,3.42672,13.38,0.40625,0.0573539334676401,3.8,7.224,13.3088,96.0864,121.8,-8.16,1
5.144,1.414,3.40042,13.38,0.333,0.137497026400783,3.6,8.95,14.6958,122.6052,123.0,-7.84,1
5.452,1.524,3.7705,13.38,0.351351,0.116949926543624,5.6,8.688,11.7148,94.3538,113.6,-13.6,1
4.416,1.426,3.50512,13.38,0.333,0.145955549121108,4.6,5.402,14.8992,75.8664,117.2,-13.76,1
4.07,1.5275,3.34065,11.52,0.333,0.169169334631892,4.0,5.9275,13.01475,77.12325,117.75,-8.75,1
4.036,1.494,3.34732,13.38,0.333,0.151318129448239,3.8,5.34,13.4118,70.6898,117.0,-9.92,1
5.47,1.434,3.65002,13.38,0.333,0.129089101609943,5.0,9.5482,13.6532,120.3998,119.0,-10.08,1
4.5575,1.46,3.3264,11.52,0.351351,0.102966116776551,3.5,7.39475,14.93,107.52075,125.0,-8.25,1
4.172,1.424,3.29272,13.38,0.333,0.161251614729779,3.4,5.1038,15.4778,78.6868,120.8,-12.48,1
4.972,1.506,3.5176,13.38,0.351351,0.137071031834079,4.2,7.0438,11.72,79.3402,113.0,-9.12,1
4.98,1.464,3.4316,13.38,0.351351,0.117199368545708,3.6,5.6938,14.3074,77.5424,119.2,-9.6,1
5.432,1.44,3.65552,13.38,0.333,0.129089101609943,5.0,8.1922,13.77,102.9466,118.8,-11.68,1
4.31,1.4975,3.400775,11.52,0.351351,0.102966116776551,4.0,6.36225,14.2235,86.7365,123.5,-8.25,1
4.498,1.444,3.54232,13.38,0.333,0.153205847481369,4.8,5.702,14.4352,76.4814,116.8,-10.56,1
4.802,1.462,3.38952,13.38,0.40625,0.0443289541380746,3.6,6.924,13.7728,95.4714,122.2,-9.76,1
5.18,1.5175,3.46675,11.52,0.40625,0.0776707744907759,3.75,7.695,12.76825,96.518,118.25,-13.25,1
4.215,1.4775,3.356275,11.52,0.333,0.177951304200522,4.0,5.125,12.564,66.43875,115.25,-12.0,1
4.248,1.446,3.35014,13.38,0.333,0.113513458897496,3.8,6.024,14.88,88.3812,124.6,-7.84,1
4.868,1.498,3.34274,13.38,0.333,0.138081148900885,3.6,9.814,14.8478,136.578,129.4,-12.0,1
5.07,1.5225,3.718625,11.52,0.351351,0.120532153386555,5.25,6.235,13.075,71.36525,113.75,-12.75,1
4.3725,1.52,3.31965,11.52,0.333,0.174801474695025,3.75,5.64,13.28725,76.85975,118.5,-8.0,1
5.45,1.436,3.47712,13.38,0.333,0.155155229773874,4.4,6.8278,14.648,93.5778,120.0,-11.04,1
4.51,1.4675,3.333275,11.52,0.351351,0.102966116776551,3.5,5.69975,15.076,85.70425,124.75,-10.5,1
5.73,1.4775,3.694525,11.52,0.333,0.144610056811815,5.5,9.23275,13.3115,117.24975,119.5,-11.0,1
4.66,1.442,3.38582,13.38,0.333,0.158664219214714,4.0,6.76,12.7392,88.849,116.6,-12.96,1
4.674,1.522,3.52464,13.38,0.333,0.142034808623193,4.8,7.082,15.0892,98.847,125.2,-12.8,1
5.26,1.374,3.41292,13.38,0.333,0.146737476182816,3.6,8.308,14.3352,114.0576,121.0,-9.6,1
5.604,1.412,3.4701,13.38,0.351351,0.126736728298468,3.8,7.1138,13.6348,95.7016,118.8,-12.96,1
4.345,1.4725,3.6054,11.52,0.333,0.162112676195384,5.5,6.6675,14.0215,84.62625,116.75,-9.25,1
5.488,1.452,3.4576,13.38,0.351351,0.116883116883117,3.8,7.7558,13.9954,104.2492,120.8,-10.24,1
4.344,1.446,3.35762,13.38,0.333,0.142475069044185,3.8,7.1,13.9718,96.8144,119.8,-13.28,1
4.455,1.4675,3.353525,11.52,0.333,0.159669273171155,4.0,8.1275,13.71475,109.779,121.25,-13.25,1
5.504,1.434,3.47132,13.38,0.333,0.16004034402112,4.0,7.554,13.116,97.8016,119.2,-8.16,1
5.326,1.46,3.63592,13.38,0.333,0.129089101609943,5.0,6.6282,13.766,85.3378,118.2,-10.88,1
5.344,1.478,3.6757,13.38,0.351351,0.108027561194571,5.0,7.648,13.148,92.7902,115.4,-11.68,1
3.7225,1.505,3.3614,11.52,0.351351,0.101261573412623,3.75,5.47975,14.4675,75.1695,121.75,-8.25,1
5.378,1.478,3.497,13.38,0.351351,0.138196377731368,4.0,5.6538,12.6108,70.192,115.6,-9.76,1
5.714,1.494,3.70842,13.38,0.333,0.145562467002093,5.4,8.7942,12.434,104.1438,117.2,-9.12,1
4.2275,1.5075,3.633025,11.52,0.333,0.149745732254868,5.5,6.29775,12.8015,73.63875,114.25,-13.25,1
4.886,1.42,3.53662,13.38,0.333,0.148148148148148,4.8,6.108,14.704,85.12,118.6,-13.6,1
4.586,1.44,3.34082,13.38,0.333,0.148527283009307,3.6,6.87,14.1898,96.6036,120.4,-11.52,1
5.4425,1.4325,3.45475,11.52,0.351351,0.14197137766958,3.75,7.26225,13.5375,96.821,118.25,-12.5,1
4.486,1.512,3.4241,13.38,0.351351,0.128235893744474,4.0,5.7098,12.7154,69.9426,115.4,-14.08,1
4.8625,1.4925,3.665525,11.52,0.333,0.150731549451334,5.75,8.87525,12.4115,107.02225,116.25,-13.25,1
6.008,1.494,3.55492,13.38,0.333,0.139874410574923,4.6,7.35,13.302,93.7628,118.8,-12.16,1
5.476,1.524,3.47662,13.38,0.333,0.171549455307998,3.8,7.817,15.152,105.9724,122.0,-8.48,1
4.256,1.45,3.55912,13.38,0.333,0.145955549121108,5.0,5.932,14.2172,76.6922,116.2,-11.52,1
4.24,1.525,3.421525,11.52,0.40625,0.0491803278688516,4.0,7.6875,12.8575,97.5655,121.25,-7.75,1
3.9225,1.475,3.2939,11.52,0.351351,0.101261573412623,3.25,4.81725,15.32,74.13725,123.0,-11.75,1
4.726,1.444,3.59062,13.38,0.333,0.148148148148148,5.2,6.638,14.022,85.9458,117.6,-12.16,1
5.096,1.424,3.4441,13.38,0.351351,0.12724622040432,3.6,5.0518,13.9468,68.9948,117.2,-11.52,1
3.9375,1.4475,3.2934,11.52,0.333,0.172005229038446,3.75,5.91975,15.32475,87.383,121.75,-13.5,1
4.92,1.3775,3.28955,11.52,0.333,0.104972776216295,3.5,8.32,16.4025,130.861,132.0,-13.5,1
4.548,1.446,3.34632,13.38,0.333,0.148527283009307,3.6,5.514,14.3066,79.1504,120.2,-13.28,1
4.912,1.46,3.59042,13.38,0.333,0.141025641025641,5.0,7.4682,13.1472,94.3982,116.4,-12.32,1
5.354,1.43,3.40902,13.38,0.333,0.155129291086207,3.8,7.046,13.4592,97.031,119.2,-7.68,1
5.886,1.512,3.60342,13.38,0.333,0.139874410574923,5.0,9.236,12.5032,112.0418,118.0,-9.44,1
5.0575,1.4925,3.441875,11.52,0.351351,0.149144868481504,3.75,5.06225,12.8375,64.16525,114.75,-9.75,1
4.56,1.4,3.28702,13.38,0.333,0.156393519403903,3.4,5.5098,15.7466,87.3254,122.6,-13.92,1
4.83,1.505,3.51215,11.52,0.333,0.149745732254868,4.75,6.8225,13.3115,83.44225,116.5,-12.75,1
4.846,1.358,3.36482,13.38,0.333,0.158101833023033,3.4,6.5418,15.6232,96.1408,121.4,-8.64,1
4.984,1.53,3.4546,13.38,0.351351,0.12724622040432,3.8,6.7318,13.54,87.0568,116.8,-11.52,1
4.642,1.486,3.44352,13.38,0.40625,0.0443289541380746,4.0,7.454,13.0908,96.2972,121.2,-10.24,1
4.67,1.466,3.60722,13.38,0.333,0.134514089693904,5.2,7.6982,12.9292,94.609,115.8,-13.44,1
4.7575,1.46,3.332525,11.52,0.333,0.166418613743567,3.75,7.84,13.98725,109.5155,122.0,-12.0,1
4.388,1.446,3.34142,13.38,0.351351,0.0920046467819372,3.4,5.1578,15.0608,77.5546,122.6,-9.44,1
5.352,1.5,3.52622,13.38,0.333,0.144087631928423,4.8,8.42,12.4652,103.034,116.4,-13.12,1
5.312,1.52,3.5207,13.38,0.40625,0.078632787937872,4.0,8.92,11.8826,105.0116,116.4,-9.92,1
5.286,1.48,3.4669,13.38,0.351351,0.124601905445211,3.8,7.5598,13.4394,95.7334,118.6,-9.28,1
4.598,1.394,3.28152,13.38,0.333,0.156393519403903,3.4,6.8658,15.6298,104.7786,122.8,-12.32,1
5.086,1.528,3.4694,13.38,0.40625,0.0731306729591176,3.8,5.7,12.4594,69.3346,116.0,-11.68,1
4.1225,1.475,3.300025,11.52,0.333,0.16605855066108,3.5,5.2625,14.37725,76.132,120.0,-14.0,1
6.08,1.51,3.585275,11.52,0.333,0.15659642507527,4.75,9.5125,13.1265,116.4085,119.0,-10.75,1
4.696,1.398,3.35172,13.38,0.351351,0.0719870604301909,3.4,6.9178,15.6208,103.6792,125.4,-12.64,1
5.13,1.51,3.4399,11.52,0.419,0.0577350269189612,4.0,8.2825,12.886,108.869,123.75,-9.25,1
5.3,1.434,3.48262,13.38,0.333,0.155129291086207,4.2,9.14,12.7812,115.4656,118.8,-8.64,1
5.316,1.436,3.41452,13.38,0.333,0.155129291086207,3.8,5.69,13.576,79.5778,119.0,-8.8,1
5.156,1.52,3.42794,13.38,0.333,0.142034808623193,4.2,7.5018,15.4972,106.6898,127.0,-11.36,1
5.65,1.494,3.711,13.38,0.351351,0.116949926543624,5.2,9.514,12.28,110.9812,114.8,-12.8,1
6.184,1.506,3.7882,13.38,0.351351,0.112448696301212,5.4,10.33,12.318,119.989,116.4,-9.12,1
5.092,1.52,3.6514,13.38,0.351351,0.126491106406734,5.2,7.434,11.774,84.9796,112.2,-13.92,1
5.136,1.484,3.5138,13.38,0.351351,0.133333333333332,4.2,5.8838,12.3928,70.4028,115.0,-12.0,1
5.224,1.524,3.7222,13.38,0.351351,0.124131330684954,5.2,7.752,12.128,84.8894,112.8,-8.0,1
5.394,1.458,3.49372,13.38,0.333,0.141025641025641,4.4,7.888,13.5552,102.241,118.2,-12.96,1
5.004,1.506,3.40932,13.38,0.333,0.146737476182816,3.8,7.068,14.0412,97.0576,119.8,-9.6,1
4.016,1.518,3.3926,13.38,0.351351,0.129774291008381,3.8,5.0038,12.9106,60.689,114.0,-11.68,1
5.316,1.352,3.39632,13.38,0.333,0.16005091585994,3.6,7.2478,15.428,105.3944,122.8,-8.64,1
5.954,1.498,3.62852,13.38,0.333,0.139874410574923,5.0,9.444,12.624,112.1974,118.4,-11.68,1
5.455,1.4275,3.407025,11.52,0.333,0.154090882274066,3.75,10.44,14.61975,142.0175,125.25,-8.5,1
5.154,1.394,3.39332,13.38,0.333,0.146737476182816,3.6,6.744,14.3312,96.4488,120.4,-8.48,1
4.4,1.424,3.34102,13.38,0.333,0.156393519403903,3.8,6.0398,15.0646,88.1512,121.6,-13.44,1
4.848,1.522,3.38802,13.38,0.351351,0.116883116883117,3.6,9.4778,14.3466,126.5772,126.4,-12.96,1
5.508,1.428,3.41232,13.38,0.333,0.138081148900885,3.8,8.092,14.4966,114.25,123.8,-8.16,1
5.142,1.506,3.685,13.38,0.351351,0.118009608400445,5.0,7.452,12.592,84.2744,113.2,-10.56,1
4.228,1.47,3.39542,13.38,0.351351,0.0920046467819372,3.8,5.6878,14.3788,78.3804,121.6,-9.12,1
5.726,1.52,3.5662,13.38,0.40625,0.0700383002788226,4.0,8.08,12.5014,95.9512,118.2,-8.16,1
5.67,1.47,3.66572,13.38,0.333,0.139874410574923,5.2,9.8502,12.7812,120.982,117.8,-9.76,1
5.126,1.504,3.5209,13.38,0.351351,0.124601905445211,4.2,8.0898,12.7574,96.5592,117.6,-9.6,1
5.522,1.452,3.5111,13.38,0.351351,0.138196377731368,4.0,8.5738,12.498,105.254,116.4,-9.12,1
4.748,1.482,3.36202,13.38,0.333,0.15587552709854,3.8,5.816,13.4346,79.7326,119.0,-10.08,1
4.786,1.476,3.35652,13.38,0.333,0.15587552709854,3.8,7.172,13.3178,97.1858,119.2,-8.48,1
4.968,1.438,3.57382,13.38,0.333,0.155155229773874,5.0,6.408,14.24,85.735,118.2,-10.88,1
4.254,1.53,3.29714,13.38,0.333,0.137497026400783,3.4,6.188,15.1558,92.2624,127.2,-13.12,1
5.7675,1.4825,3.52365,11.52,0.333,0.158031596308591,4.75,9.1125,13.194,116.56225,119.25,-14.0,1
4.258,1.512,3.3758,13.38,0.351351,0.13498971154211,3.6,4.7738,13.1286,60.4782,114.6,-10.08,1
5.73,1.368,3.44442,13.38,0.333,0.14711940969021,3.8,9.014,14.14,123.3112,122.4,-11.68,1
4.78,1.502,3.54424,13.38,0.333,0.142034808623193,4.8,8.646,15.0932,116.4558,125.8,-13.92,1
5.5525,1.385,3.429525,11.52,0.333,0.164484500438476,3.75,7.9425,14.315,109.5165,122.5,-13.0,1
5.02,1.524,3.5013,13.38,0.351351,0.124601905445211,4.2,6.5258,12.7534,78.9504,117.0,-8.64,1
5.0275,1.4875,3.3934,11.52,0.419,0.04294340845212,3.75,7.9075,13.466,108.10025,124.25,-12.0,1
5.112,1.496,3.60612,13.38,0.333,0.14944495646843,5.2,7.7702,12.2752,94.9804,115.2,-11.04,1
5.202,1.404,3.4637,13.38,0.351351,0.12724622040432,3.6,6.6158,13.9508,86.6036,117.8,-12.64,1
5.2975,1.4825,3.439125,11.52,0.351351,0.130841275930336,3.75,8.06475,13.98825,107.5055,120.75,-9.25,1
4.722,1.484,3.4683,13.38,0.351351,0.141085223093386,4.2,6.7238,11.774,79.4632,113.2,-12.32,1
6.09,1.512,3.59212,13.38,0.333,0.145562467002093,4.8,7.65,12.838,94.3778,118.4,-10.08,1
4.758,1.378,3.33672,13.38,0.333,0.171549455307998,3.6,5.1678,14.922,79.3928,120.2,-12.64,1
4.6875,1.4675,3.350025,11.52,0.333,0.153073821603064,3.5,5.9075,15.00475,86.623,122.5,-7.75,1
5.45,1.458,3.6953,13.38,0.351351,0.108027561194571,5.0,9.212,13.152,110.399,116.0,-12.48,1
5.412,1.464,3.7008,13.38,0.351351,0.108027561194571,5.0,7.856,13.2688,92.9458,115.8,-14.08,1
6.176,1.516,3.657,13.38,0.351351,0.122829384046302,4.8,8.8778,12.3408,101.9858,116.0,-13.92,1
4.952,1.52,3.66012,13.38,0.333,0.14944495646843,5.6,8.3002,11.5932,95.8062,114.2,-8.48,1
5.4775,1.5125,3.70615,11.52,0.333,0.15659642507527,5.5,8.98775,12.6165,106.605,116.75,-9.25,1
5.4075,1.435,3.4139,11.52,0.333,0.154090882274066,3.75,8.745,14.76575,120.201,125.0,-10.5,1
5.306,1.484,3.6812,13.38,0.351351,0.108027561194571,5.0,6.292,13.2648,75.337,115.2,-13.28,1
5.124,1.438,3.4457,13.38,0.351351,0.117199368545708,3.6,8.6138,14.1946,112.6044,120.0,-9.44,1
5.732,1.512,3.7482,13.38,0.351351,0.122829384046302,5.4,9.814,11.816,111.5962,114.4,-10.4,1
4.666,1.49,3.4823,13.38,0.351351,0.134748277810436,4.0,5.1778,12.588,61.1492,113.6,-8.0,1
5.116,1.4,3.39882,13.38,0.333,0.146737476182816,3.6,5.388,14.448,78.9956,120.2,-9.76,1
5.972,1.516,3.6683,13.38,0.351351,0.116949926543624,5.0,10.4638,12.006,119.6498,115.6,-13.44,1
4.3925,1.5025,3.3609,11.52,0.40625,0.0491803278688516,3.5,5.33,13.856,74.71675,122.25,-12.0,1
5.274,1.526,3.5262,13.38,0.40625,0.078632787937872,4.0,7.564,11.9994,87.5584,116.2,-11.36,1
5.676,1.516,3.49564,13.38,0.333,0.129911325187078,4.4,10.832,14.2132,142.2154,127.2,-13.92,1
4.984,1.458,3.35524,13.38,0.333,0.14711940969021,3.6,9.172,14.4872,128.0304,127.4,-13.12,1
4.53,1.5,3.612025,11.52,0.333,0.157378524583248,5.25,6.01025,13.074,73.37525,115.0,-13.25,1
4.704,1.526,3.38794,13.38,0.333,0.155155229773874,4.2,6.9858,14.9952,98.297,125.0,-13.76,1
4.065,1.41,3.209675,11.52,0.333,0.131468439624438,3.25,5.60725,17.1665,97.62575,129.25,-11.25,1
5.992,1.492,3.62302,13.38,0.333,0.139874410574923,5.0,10.8,12.5072,129.6506,118.6,-9.92,1
5.0825,1.3575,3.362525,11.52,0.333,0.176084971419379,3.5,7.42975,15.779,108.937,123.25,-8.75,1
4.488,1.42,3.32092,13.38,0.333,0.181762139471255,3.6,4.7638,14.2452,70.7214,117.6,-8.0,1
4.288,1.384,3.30522,13.38,0.333,0.170018381359193,3.4,4.4618,15.1172,70.1392,118.8,-12.96,1
5.242,1.464,3.5334,13.38,0.351351,0.133333333333332,4.2,7.4478,12.3968,88.0116,115.6,-12.8,1
